data_id,treat,age,education,black,hispanic,married,nodegree,re75,re78,re74
Lalonde Sample,1,37,11,1,0,1,1,0.0,9930.046,0.0
Lalonde Sample,1,22,9,0,1,0,1,0.0,3595.8940000000002,0.0
Lalonde Sample,1,30,12,1,0,0,0,0.0,24909.45,0.0
Lalonde Sample,1,27,11,1,0,0,1,0.0,7506.146,0.0
Lalonde Sample,1,33,8,1,0,0,1,0.0,289.7899,0.0
Lalonde Sample,1,22,9,1,0,0,1,0.0,4056.494,0.0
Lalonde Sample,1,23,12,1,0,0,0,0.0,0.0,0.0
Lalonde Sample,1,32,11,1,0,0,1,0.0,8472.158000000001,0.0
Lalonde Sample,1,22,16,1,0,0,0,0.0,2164.022,0.0
Lalonde Sample,1,33,12,0,0,1,0,0.0,12418.07,0.0
Lalonde Sample,1,19,9,1,0,0,1,0.0,8173.908,0.0
Lalonde Sample,1,21,13,1,0,0,0,0.0,17094.64,0.0
Lalonde Sample,1,18,8,1,0,0,1,0.0,0.0,0.0
Lalonde Sample,1,27,10,1,0,1,1,0.0,18739.93,0.0
Lalonde Sample,1,17,7,1,0,0,1,0.0,3023.8790000000004,0.0
Lalonde Sample,1,19,10,1,0,0,1,0.0,3228.5029999999997,0.0
Lalonde Sample,1,27,13,1,0,0,0,0.0,14581.86,0.0
Lalonde Sample,1,23,10,1,0,0,1,0.0,7693.4,0.0
Lalonde Sample,1,40,12,1,0,0,0,0.0,10804.32,0.0
Lalonde Sample,1,26,12,1,0,0,0,0.0,10747.35,0.0
Lalonde Sample,1,23,11,1,0,0,1,0.0,0.0,0.0
Lalonde Sample,1,41,14,0,0,0,0,0.0,5149.501,0.0
Lalonde Sample,1,38,9,0,0,0,1,0.0,6408.95,0.0
Lalonde Sample,1,24,11,1,0,0,1,0.0,1991.4,0.0
Lalonde Sample,1,33,11,1,0,0,1,7867.916,6281.433000000001,0.0
Lalonde Sample,1,18,10,1,0,0,1,0.0,11163.17,0.0
Lalonde Sample,1,29,11,1,0,1,1,0.0,9642.999,0.0
Lalonde Sample,1,25,11,1,0,0,1,0.0,9897.049,0.0
Lalonde Sample,1,27,10,0,1,0,1,0.0,11142.87,0.0
Lalonde Sample,1,17,10,1,0,0,1,0.0,16218.04,0.0
Lalonde Sample,1,24,11,1,0,0,1,0.0,995.7002,0.0
Lalonde Sample,1,17,10,1,0,0,1,0.0,0.0,0.0
Lalonde Sample,1,17,10,1,0,0,1,0.0,0.0,0.0
Lalonde Sample,1,17,10,1,0,0,1,0.0,0.0,0.0
Lalonde Sample,1,26,11,1,0,1,1,2754.6459999999997,26372.28,0.0
Lalonde Sample,1,48,4,1,0,0,1,0.0,6551.592,0.0
Lalonde Sample,1,25,11,1,0,1,1,0.0,1574.424,0.0
Lalonde Sample,1,20,12,1,0,0,0,0.0,0.0,0.0
Lalonde Sample,1,25,12,1,0,0,0,0.0,3191.7529999999997,0.0
Lalonde Sample,1,42,14,1,0,0,0,0.0,20505.93,0.0
Lalonde Sample,1,25,5,1,0,0,1,0.0,6181.88,0.0
Lalonde Sample,1,23,12,1,0,1,0,0.0,5911.5509999999995,0.0
Lalonde Sample,1,46,8,1,0,1,1,0.0,3094.156,0.0
Lalonde Sample,1,24,10,1,0,0,1,0.0,0.0,0.0
Lalonde Sample,1,24,10,1,0,0,1,0.0,0.0,0.0
Lalonde Sample,1,21,12,1,0,0,0,0.0,1254.5819999999999,0.0
Lalonde Sample,1,19,9,0,0,0,1,0.0,13188.83,0.0
Lalonde Sample,1,17,8,1,0,0,1,0.0,8061.485,0.0
Lalonde Sample,1,18,8,0,1,1,1,0.0,2787.96,0.0
Lalonde Sample,1,20,11,1,0,0,1,0.0,3972.54,0.0
Lalonde Sample,1,25,11,1,0,1,1,0.0,0.0,0.0
Lalonde Sample,1,17,8,1,0,0,1,0.0,0.0,0.0
Lalonde Sample,1,17,8,1,0,0,1,0.0,0.0,0.0
Lalonde Sample,1,17,9,1,0,0,1,0.0,0.0,0.0
Lalonde Sample,1,25,5,1,0,0,1,0.0,12187.41,0.0
Lalonde Sample,1,23,12,1,0,0,0,0.0,4843.1759999999995,0.0
Lalonde Sample,1,28,8,1,0,0,1,0.0,0.0,0.0
Lalonde Sample,1,31,11,1,0,1,1,0.0,8087.486999999999,0.0
Lalonde Sample,1,18,11,1,0,0,1,0.0,0.0,0.0
Lalonde Sample,1,25,12,1,0,0,0,0.0,2348.973,0.0
Lalonde Sample,1,30,11,1,0,1,1,0.0,590.7818,0.0
Lalonde Sample,1,17,10,1,0,0,1,0.0,0.0,0.0
Lalonde Sample,1,17,10,1,0,0,1,0.0,0.0,0.0
Lalonde Sample,1,17,10,1,0,0,1,0.0,0.0,0.0
Lalonde Sample,1,37,9,1,0,0,1,0.0,1067.506,0.0
Lalonde Sample,1,41,4,1,0,1,1,0.0,7284.986,0.0
Lalonde Sample,1,42,14,1,0,1,0,0.0,13167.52,0.0
Lalonde Sample,1,22,11,0,0,0,1,0.0,1048.432,0.0
Lalonde Sample,1,17,8,1,0,0,1,0.0,0.0,0.0
Lalonde Sample,1,17,8,1,0,0,1,0.0,0.0,0.0
Lalonde Sample,1,29,8,1,0,0,1,0.0,1923.9379999999999,0.0
Lalonde Sample,1,28,10,1,0,0,1,2836.506,3196.571,0.0
Lalonde Sample,1,35,10,1,0,0,1,0.0,4666.236,0.0
Lalonde Sample,1,27,11,1,0,0,1,0.0,549.2984,0.0
Lalonde Sample,1,29,4,1,0,0,1,0.0,762.9146,0.0
Lalonde Sample,1,28,9,1,0,0,1,0.0,10694.29,0.0
Lalonde Sample,1,27,11,1,0,0,1,0.0,0.0,0.0
Lalonde Sample,1,23,7,0,0,0,1,0.0,0.0,0.0
Lalonde Sample,1,45,5,1,0,1,1,0.0,8546.715,0.0
Lalonde Sample,1,29,13,1,0,0,0,0.0,7479.656,0.0
Lalonde Sample,1,27,9,1,0,0,1,0.0,0.0,0.0
Lalonde Sample,1,46,13,1,0,0,0,0.0,647.2046,0.0
Lalonde Sample,1,18,6,1,0,0,1,0.0,0.0,0.0
Lalonde Sample,1,25,12,1,0,0,0,0.0,11965.81,0.0
Lalonde Sample,1,28,15,1,0,0,0,0.0,9598.541,0.0
Lalonde Sample,1,31,9,1,0,0,1,1698.6070000000002,10363.27,0.0
Lalonde Sample,1,25,11,0,0,0,1,0.0,18783.35,0.0
Lalonde Sample,1,22,12,1,0,0,0,0.0,18678.08,0.0
Lalonde Sample,1,28,11,1,0,0,1,1284.079,60307.93,0.0
Lalonde Sample,1,21,9,1,0,0,1,0.0,0.0,0.0
Lalonde Sample,1,40,11,1,0,0,1,0.0,23005.6,0.0
Lalonde Sample,1,22,11,1,0,0,1,0.0,6456.696999999999,0.0
Lalonde Sample,1,25,12,1,0,0,0,0.0,0.0,0.0
Lalonde Sample,1,27,9,1,0,1,1,934.4454,1773.4229999999998,0.0
Lalonde Sample,1,23,10,1,0,1,1,936.4386,11233.26,0.0
Lalonde Sample,1,29,10,1,0,0,1,4398.95,0.0,0.0
Lalonde Sample,1,18,12,1,0,0,0,0.0,2321.107,0.0
Lalonde Sample,1,38,12,0,0,0,0,0.0,4941.849,0.0
Lalonde Sample,1,27,13,1,0,0,0,0.0,0.0,0.0
Lalonde Sample,1,27,8,1,0,0,1,0.0,0.0,0.0
Lalonde Sample,1,38,11,1,0,0,1,0.0,0.0,0.0
Lalonde Sample,1,23,8,0,1,0,1,0.0,3881.284,0.0
Lalonde Sample,1,26,11,1,0,0,1,0.0,17230.96,0.0
Lalonde Sample,1,42,9,1,0,1,1,3058.531,1294.4089999999999,0.0
Lalonde Sample,1,21,12,0,0,0,0,0.0,8048.603,0.0
Lalonde Sample,1,25,8,1,0,0,1,0.0,0.0,0.0
Lalonde Sample,1,31,11,1,0,1,1,0.0,14509.93,0.0
Lalonde Sample,1,17,10,1,0,0,1,0.0,0.0,0.0
Lalonde Sample,1,17,10,1,0,0,1,0.0,0.0,0.0
Lalonde Sample,1,17,10,1,0,0,1,0.0,0.0,0.0
Lalonde Sample,1,19,8,1,0,0,1,2657.0570000000002,9970.681,0.0
Lalonde Sample,1,29,14,1,0,0,0,679.6734,17814.98,0.0
Lalonde Sample,1,25,11,1,0,0,1,0.0,0.0,0.0
Lalonde Sample,1,21,12,1,0,0,0,0.0,9983.784,0.0
Lalonde Sample,1,44,11,1,0,0,1,0.0,0.0,0.0
Lalonde Sample,1,19,10,1,0,0,1,385.2741,8124.715,0.0
Lalonde Sample,1,25,12,0,0,0,0,0.0,5587.503000000001,0.0
Lalonde Sample,1,18,10,1,0,0,1,798.9079,9737.154,0.0
Lalonde Sample,1,18,9,1,0,0,1,0.0,4482.845,0.0
Lalonde Sample,1,19,9,1,0,0,1,798.9079,17685.18,0.0
Lalonde Sample,1,18,9,1,0,0,1,3287.375,5010.342000000001,0.0
Lalonde Sample,1,26,11,1,0,1,1,1392.8529999999998,1460.36,0.0
Lalonde Sample,1,42,12,1,0,0,0,0.0,2456.153,0.0
Lalonde Sample,1,25,10,1,0,0,1,0.0,0.0,0.0
Lalonde Sample,1,31,9,0,1,0,1,0.0,26817.6,0.0
Lalonde Sample,1,24,10,1,0,0,1,0.0,0.0,0.0
Lalonde Sample,1,24,10,1,0,0,1,0.0,0.0,0.0
Lalonde Sample,1,26,10,1,0,0,1,0.0,9265.788,0.0
Lalonde Sample,1,20,12,1,0,0,0,377.5686,1652.6370000000002,0.0
Lalonde Sample,1,19,10,0,0,0,1,5324.109,13829.62,0.0
Lalonde Sample,1,25,11,1,0,0,1,0.0,485.2298,0.0
Lalonde Sample,1,23,8,0,0,1,1,1713.15,4232.309,0.0
Lalonde Sample,1,31,12,0,0,0,0,2611.218,2484.549,0.0
Lalonde Sample,1,18,11,1,0,0,1,0.0,4814.627,0.0
Lalonde Sample,1,19,11,1,0,0,1,0.0,7458.105,0.0
Lalonde Sample,1,43,9,1,0,0,1,0.0,0.0,0.0
Lalonde Sample,1,27,13,1,0,0,0,0.0,34099.28,0.0
Lalonde Sample,1,26,11,0,0,0,1,2226.266,13385.86,0.0
Lalonde Sample,1,29,10,0,1,0,1,8853.674,5112.014,0.0
Lalonde Sample,1,17,9,1,0,0,1,0.0,1953.2679999999998,0.0
Lalonde Sample,1,30,11,1,0,0,1,0.0,0.0,0.0
Lalonde Sample,1,17,10,1,0,0,1,156.9491,10641.24,
Lalonde Sample,1,20,12,0,0,1,0,8644.155999999999,11656.51,
Lalonde Sample,1,17,9,1,0,0,1,375.1047,3621.7070000000003,
Lalonde Sample,1,18,12,1,0,0,0,562.6569999999999,0.0,
Lalonde Sample,1,21,11,0,1,0,1,1395.39,0.0,
Lalonde Sample,1,30,11,1,0,0,1,1913.0339999999999,0.0,
Lalonde Sample,1,18,11,0,1,0,1,5491.535,2454.5,
Lalonde Sample,1,20,12,1,0,0,0,9227.559000000001,0.0,
Lalonde Sample,1,20,6,0,1,1,1,10802.98,4488.495,
Lalonde Sample,1,20,10,1,0,0,1,11073.09,0.0,
Lalonde Sample,1,25,8,1,0,0,1,37431.66,2346.828,
Lalonde Sample,1,17,9,0,0,0,1,1618.15,6011.021,
Lalonde Sample,1,18,10,0,1,0,1,2589.042,0.0,
Lalonde Sample,1,19,9,0,1,0,1,6511.124,7913.3859999999995,
Lalonde Sample,1,19,11,1,0,0,1,192.7995,661.1924,
Lalonde Sample,1,27,10,0,1,0,1,421.3024,3075.862,
Lalonde Sample,1,18,12,0,1,0,0,535.5533,1115.86,
Lalonde Sample,1,22,11,1,0,0,1,606.9609,317.8952,
Lalonde Sample,1,20,9,1,0,0,1,660.5159,12229.63,
Lalonde Sample,1,20,11,1,0,0,1,696.2192,0.0,
Lalonde Sample,1,18,10,1,0,0,1,699.7896,480.527,
Lalonde Sample,1,17,10,1,0,0,1,856.8864,3251.1,
Lalonde Sample,1,26,12,1,0,0,0,1088.907,11460.56,
Lalonde Sample,1,22,10,1,0,0,1,1071.108,7315.451999999999,
Lalonde Sample,1,20,12,1,0,0,0,1160.366,702.1839,
Lalonde Sample,1,18,8,1,0,0,1,1199.641,0.0,
Lalonde Sample,1,18,9,1,0,0,1,1285.33,15369.48,
Lalonde Sample,1,18,10,1,0,0,1,1371.017,12064.41,
Lalonde Sample,1,19,10,1,0,0,1,1374.5870000000002,13278.97,
Lalonde Sample,1,18,9,0,1,0,1,1713.773,8836.565999999999,
Lalonde Sample,1,17,10,0,1,0,1,2202.7960000000003,4387.057,
Lalonde Sample,1,19,11,1,0,0,1,1927.995,11965.81,
Lalonde Sample,1,27,11,1,0,1,1,2142.217,2186.189,
Lalonde Sample,1,19,10,1,0,0,1,3213.113,2975.031,
Lalonde Sample,1,19,9,0,1,0,1,3276.15,14271.23,
Lalonde Sample,1,27,10,1,0,0,1,3213.322,2094.119,
Lalonde Sample,1,21,11,1,0,1,1,4167.998,11300.24,
Lalonde Sample,1,29,10,1,0,1,1,4923.263,130.6791,
Lalonde Sample,1,34,11,0,1,0,1,4641.467000000001,2877.6820000000002,
Lalonde Sample,1,25,10,0,0,0,1,4712.874,6103.746,
Lalonde Sample,1,31,13,0,0,0,0,5498.35,2329.867,
Lalonde Sample,1,41,9,1,0,1,1,5783.981,0.0,
Lalonde Sample,1,21,11,0,1,0,1,6658.562,9381.295,
Lalonde Sample,1,20,11,1,0,0,1,6426.646,16451.46,
Lalonde Sample,1,24,12,0,1,1,0,7212.11,6485.508000000001,
Lalonde Sample,1,41,9,1,0,1,1,7212.12,3154.72,
Lalonde Sample,1,21,12,0,0,0,0,7390.634,3557.934,
Lalonde Sample,1,22,11,1,0,0,1,7497.7519999999995,668.7466,
Lalonde Sample,1,20,9,0,1,0,1,8015.441999999999,5487.97,
Lalonde Sample,1,17,11,1,0,0,1,8497.436,9017.004,
Lalonde Sample,1,24,11,1,0,0,1,9180.92,0.0,
Lalonde Sample,1,23,12,1,0,1,0,15079.95,10283.49,
Lalonde Sample,1,23,10,1,0,0,1,15709.56,5665.066,
Lalonde Sample,1,26,11,0,0,0,1,22959.76,2746.614,
Lalonde Sample,1,21,13,1,0,0,0,24806.83,8803.666,
Lalonde Sample,1,18,10,1,0,1,1,1958.096,10989.93,
Lalonde Sample,1,22,10,1,0,0,1,653.9542,11134.98,
Lalonde Sample,1,17,10,1,0,0,1,1000.55,1433.531,
Lalonde Sample,1,20,7,1,0,0,1,1569.49,5518.0830000000005,
Lalonde Sample,1,17,9,1,0,0,1,1667.5829999999999,5594.729,
Lalonde Sample,1,23,11,1,0,0,1,1961.864,3689.1259999999997,
Lalonde Sample,1,32,10,1,0,0,1,2321.5370000000003,179.0217,
Lalonde Sample,1,19,12,1,0,0,0,2534.072,4551.979,
Lalonde Sample,1,30,10,1,0,0,1,2615.817,0.0,
Lalonde Sample,1,25,12,1,0,0,0,2746.6079999999997,2090.678,
Lalonde Sample,1,26,11,0,0,0,1,4676.457,1973.345,
Lalonde Sample,1,19,10,1,0,0,1,3473.808,5861.603,
Lalonde Sample,1,19,8,0,0,0,1,3416.907,9251.357,
Lalonde Sample,1,20,10,1,0,0,1,5100.839,13626.04,
Lalonde Sample,1,21,11,1,0,0,1,5310.107,7906.340999999999,
Lalonde Sample,1,23,12,1,0,0,0,7841.972,7947.257,
Lalonde Sample,1,19,11,1,0,0,1,6409.026999999999,11648.7,
Lalonde Sample,1,22,11,1,0,0,1,8774.791,18295.82,
Lalonde Sample,1,23,12,1,0,0,0,7782.0419999999995,14416.84,
Lalonde Sample,1,26,10,1,0,1,1,8141.703,4635.66,
Lalonde Sample,1,24,12,1,0,0,0,12982.34,0.0,
Lalonde Sample,1,18,10,0,1,0,1,12625.51,0.0,
Lalonde Sample,1,27,11,1,0,0,1,14223.5,7661.973000000001,
Lalonde Sample,1,21,11,0,1,0,1,17983.71,15191.91,
Lalonde Sample,1,25,8,0,0,0,1,23096.65,6421.53,
Lalonde Sample,1,21,12,1,0,0,0,807.9511,4350.907,
Lalonde Sample,1,19,11,1,0,0,1,532.2536,0.0,
Lalonde Sample,1,18,11,1,0,0,1,851.6061,0.0,
Lalonde Sample,1,34,7,1,0,0,1,857.5195,0.0,
Lalonde Sample,1,21,11,0,0,0,1,946.2279,11412.24,
Lalonde Sample,1,25,9,1,0,0,1,1536.503,1709.342,
Lalonde Sample,1,17,9,1,0,0,1,1341.651,1374.066,
Lalonde Sample,1,28,8,1,0,0,1,1182.786,7779.263000000001,
Lalonde Sample,1,18,9,1,0,0,1,1182.786,5100.469,
Lalonde Sample,1,27,12,1,0,0,0,4310.455,0.0,
Lalonde Sample,1,23,9,1,0,0,1,1774.18,11464.71,
Lalonde Sample,1,19,8,0,1,0,1,1862.889,8774.623,
Lalonde Sample,1,21,11,1,0,0,1,2158.585,0.0,
Lalonde Sample,1,21,11,1,0,0,1,2217.724,4082.37,
Lalonde Sample,1,23,10,1,0,0,1,2217.724,0.0,
Lalonde Sample,1,27,9,1,0,0,1,2294.605,2018.556,
Lalonde Sample,1,27,11,1,0,0,1,2483.8520000000003,0.0,
Lalonde Sample,1,23,12,0,0,0,0,3903.195,796.5597,
Lalonde Sample,1,27,8,1,0,0,1,7218.276999999999,7976.932,
Lalonde Sample,1,28,11,1,0,1,1,6952.58,7318.186,
Lalonde Sample,1,25,12,1,0,0,0,5204.259,0.0,
Lalonde Sample,1,20,12,1,0,0,0,6085.420999999999,9750.66,
Lalonde Sample,1,26,12,1,0,0,0,6608.803000000001,5811.765,
Lalonde Sample,1,23,10,1,0,1,1,10495.08,3385.8109999999997,
Lalonde Sample,1,49,8,0,0,1,1,7285.948,16717.12,
Lalonde Sample,1,19,11,1,0,0,1,10224.37,11293.81,
Lalonde Sample,1,21,13,0,0,0,0,8616.851999999999,99.57002,
Lalonde Sample,1,27,12,1,0,1,0,7806.387,2777.585,
Lalonde Sample,1,23,11,1,0,0,1,8959.589,1659.5,
Lalonde Sample,1,22,11,1,0,0,1,12170.94,8408.393,
Lalonde Sample,1,24,15,1,0,0,0,13008.5,14683.63,
Lalonde Sample,1,24,12,1,0,0,0,18154.06,0.0,
Lalonde Sample,1,18,11,1,0,0,1,214.5636,929.8839,858.2543
Lalonde Sample,1,17,10,1,0,0,1,5793.852,5522.7880000000005,1291.468
Lalonde Sample,1,17,9,1,0,0,1,1253.4389999999999,5445.2,1716.509
Lalonde Sample,1,28,11,1,0,0,1,6871.856,0.0,1929.029
Lalonde Sample,1,27,11,1,0,0,1,2666.2740000000003,0.0,2206.94
Lalonde Sample,1,19,11,1,0,0,1,2615.276,4146.603,2305.026
Lalonde Sample,1,18,11,0,0,0,1,919.5579,4321.705,3678.2309999999998
Lalonde Sample,1,24,10,1,0,0,1,2421.947,1660.5079999999998,4250.402
Lalonde Sample,1,23,12,1,0,0,0,3039.96,8484.239,6269.340999999999
Lalonde Sample,1,21,9,1,0,0,1,5749.331,743.6666,6416.47
Lalonde Sample,1,21,12,1,0,0,0,3332.409,9371.037,6473.683000000001
Lalonde Sample,1,24,9,1,0,0,1,2288.675,4849.559,9154.7
Lalonde Sample,1,20,9,0,1,0,1,5875.049,1358.6429999999998,12260.78
Lalonde Sample,1,25,13,1,0,0,0,3090.732,0.0,12362.93
Lalonde Sample,1,35,8,1,0,1,1,17976.15,3786.6279999999997,13732.07
Lalonde Sample,1,17,9,0,1,0,1,74.34345,6210.67,445.1704
Lalonde Sample,1,24,11,1,0,1,1,1666.1129999999998,4032.708,824.3886
Lalonde Sample,1,20,12,1,0,0,0,165.2077,0.0,989.2678
Lalonde Sample,1,21,8,1,0,0,1,3695.897,4279.613,989.2678
Lalonde Sample,1,18,10,1,0,0,1,1784.274,11141.39,2143.411
Lalonde Sample,1,27,12,1,0,0,0,357.9499,22163.25,2143.413
Lalonde Sample,1,22,9,1,0,0,1,3836.986,3462.5640000000003,2192.877
Lalonde Sample,1,46,8,1,0,0,1,2594.723,0.0,3165.658
Lalonde Sample,1,19,10,1,0,0,1,6056.754,0.0,4121.9490000000005
Lalonde Sample,1,19,11,0,1,1,1,5463.803000000001,6788.463000000001,5424.485
Lalonde Sample,1,22,12,1,0,0,0,936.1773,0.0,5605.852
Lalonde Sample,1,22,12,0,0,0,0,8455.504,12590.71,6759.994000000001
Lalonde Sample,1,26,12,1,0,1,0,5794.831,1424.944,8408.761999999999
Lalonde Sample,1,29,12,1,0,0,0,4878.937,10976.51,9748.386999999999
Lalonde Sample,1,31,9,1,0,0,1,5517.840999999999,9558.501,10717.03
Lalonde Sample,1,29,12,1,0,0,0,1817.2839999999999,0.0,10881.94
Lalonde Sample,1,35,9,1,0,1,1,13830.64,12803.97,13602.43
Lalonde Sample,1,25,12,1,0,0,0,2409.274,0.0,14426.79
Lalonde Sample,1,22,12,0,1,1,0,7055.701999999999,10092.83,492.2305
Lalonde Sample,1,27,10,1,0,0,1,3550.075,0.0,1001.1460000000001
Lalonde Sample,1,22,10,1,0,1,1,5588.664000000001,13228.28,1468.348
Lalonde Sample,1,19,8,1,0,0,1,2937.264,7535.941999999999,2636.353
Lalonde Sample,1,20,11,1,0,0,1,1220.836,1085.44,3637.498
Lalonde Sample,1,21,12,0,0,0,0,334.0494,12558.02,3670.8720000000003
Lalonde Sample,1,27,12,1,0,1,0,334.0493,0.0,3670.8720000000003
Lalonde Sample,1,20,10,1,0,0,1,2777.355,5615.189,5005.731
Lalonde Sample,1,23,12,1,0,0,0,501.0741,671.3318,5506.308000000001
Lalonde Sample,1,27,13,0,0,1,0,853.7225,0.0,9381.565999999999
Lalonde Sample,1,23,12,0,1,0,0,1117.4389999999999,559.4432,9385.74
Lalonde Sample,1,24,12,1,0,0,0,2842.764,6167.681,13765.75
Lalonde Sample,1,20,11,1,0,0,1,1484.994,6943.342,16318.62
Lalonde Sample,1,26,10,1,0,0,1,6788.9580000000005,672.8773,25929.68
Lalonde Sample,1,25,14,1,0,1,0,11536.57,36646.95,35040.07
Lalonde Sample,1,26,10,1,0,1,1,0.0,0.0,2027.999
Lalonde Sample,1,20,9,1,0,0,1,0.0,8881.665,6083.994000000001
Lalonde Sample,1,31,4,1,0,0,1,4023.211,7382.549,8517.589
Lalonde Sample,1,24,10,1,0,1,1,4078.152,0.0,11703.2
Lalonde Sample,1,33,11,1,0,1,1,25142.24,4181.942,14660.71
Lalonde Sample,1,33,12,1,0,1,0,10941.35,15952.6,20279.95
Lalonde Sample,0,23,10,1,0,0,1,0.0,0.0,0.0
Lalonde Sample,0,23,10,1,0,0,1,0.0,0.0,0.0
Lalonde Sample,0,23,10,1,0,0,1,0.0,0.0,0.0
Lalonde Sample,0,23,10,1,0,0,1,0.0,0.0,0.0
Lalonde Sample,0,26,12,0,0,0,0,0.0,12383.68,0.0
Lalonde Sample,0,22,9,1,0,0,1,0.0,0.0,0.0
Lalonde Sample,0,34,9,1,0,0,1,4368.413,14051.16,
Lalonde Sample,0,18,9,1,0,0,1,0.0,10740.08,0.0
Lalonde Sample,0,45,11,1,0,0,1,0.0,11796.47,0.0
Lalonde Sample,0,18,9,1,0,0,1,0.0,9227.052,0.0
Lalonde Sample,0,27,12,1,0,0,0,2483.851,3552.268,
Lalonde Sample,0,24,8,0,0,0,1,0.0,10569.27,0.0
Lalonde Sample,0,34,11,1,0,1,1,0.0,6040.335,0.0
Lalonde Sample,0,20,13,1,0,0,0,8965.243,9199.563,
Lalonde Sample,0,24,4,0,1,0,1,0.0,3880.833,0.0
Lalonde Sample,0,28,12,0,0,0,0,803.3430000000001,16477.02,0.0
Lalonde Sample,0,21,10,1,0,0,1,922.5729,0.0,
Lalonde Sample,0,28,12,1,0,1,0,29009.11,10067.43,
Lalonde Sample,0,20,12,1,0,0,0,6004.728,4779.72,7182.491999999999
Lalonde Sample,0,23,8,1,0,0,1,3403.0559999999996,0.0,7724.283
Lalonde Sample,0,21,11,1,0,1,1,7244.561,8976.826,
Lalonde Sample,0,36,10,1,0,0,1,0.0,0.0,0.0
Lalonde Sample,0,18,12,0,0,0,0,735.2051,2502.526,
Lalonde Sample,0,21,14,1,0,0,0,0.0,5775.062,0.0
Lalonde Sample,0,30,13,1,0,0,0,5569.7609999999995,0.0,
Lalonde Sample,0,26,11,0,1,0,1,1491.016,0.0,
Lalonde Sample,0,28,9,1,0,0,1,0.0,0.0,0.0
Lalonde Sample,0,31,4,0,0,0,1,10711.08,0.0,
Lalonde Sample,0,18,12,1,0,0,0,642.6645,14444.71,
Lalonde Sample,0,27,7,1,0,1,1,0.0,0.0,0.0
Lalonde Sample,0,19,11,0,0,0,1,0.0,0.0,0.0
Lalonde Sample,0,20,8,1,0,0,1,0.0,0.0,0.0
Lalonde Sample,0,28,8,1,0,0,1,10610.08,4623.188,
Lalonde Sample,0,34,12,1,0,0,0,0.0,2113.722,0.0
Lalonde Sample,0,24,10,1,0,0,1,0.0,7618.639,0.0
Lalonde Sample,0,24,9,1,0,0,1,0.0,16461.57,2788.498
Lalonde Sample,0,22,8,0,1,0,1,0.0,9920.945,0.0
Lalonde Sample,0,25,11,1,0,0,1,0.0,4196.375,0.0
Lalonde Sample,0,20,11,0,0,0,1,1177.118,8743.071,
Lalonde Sample,0,21,9,1,0,0,1,0.0,3343.224,591.4991
Lalonde Sample,0,19,12,1,0,0,0,2814.195,1720.9070000000002,8417.0
Lalonde Sample,0,39,9,1,0,0,1,0.0,0.0,0.0
Lalonde Sample,0,19,9,1,0,1,1,0.0,16658.25,0.0
Lalonde Sample,0,24,10,1,0,0,1,1307.9080000000001,0.0,
Lalonde Sample,0,44,9,1,0,0,1,0.0,9722.003,0.0
Lalonde Sample,0,23,11,1,0,0,1,1896.023,5573.547,0.0
Lalonde Sample,0,22,12,1,0,0,0,532.2536,1333.445,
Lalonde Sample,0,27,8,1,0,0,1,0.0,3783.66,0.0
Lalonde Sample,0,27,11,1,0,1,1,1122.621,215.8348,
Lalonde Sample,0,18,9,1,0,0,1,1605.4479999999999,0.0,
Lalonde Sample,0,25,8,1,0,0,1,0.0,3515.929,0.0
Lalonde Sample,0,31,10,1,0,0,1,0.0,17014.59,0.0
Lalonde Sample,0,28,10,1,0,0,1,6567.329000000001,5435.786999999999,
Lalonde Sample,0,26,10,1,0,1,1,558.7734,0.0,6140.366999999999
Lalonde Sample,0,30,8,1,0,0,1,1706.6570000000002,0.0,0.0
Lalonde Sample,0,28,11,0,1,1,1,0.0,6771.621999999999,3472.948
Lalonde Sample,0,34,10,1,0,1,1,0.0,0.0,0.0
Lalonde Sample,0,21,7,0,1,0,1,0.0,0.0,0.0
Lalonde Sample,0,33,12,1,0,0,0,0.0,5970.257,0.0
Lalonde Sample,0,19,9,1,0,0,1,1778.089,7171.0,8409.627
Lalonde Sample,0,20,11,1,0,0,1,7967.209,0.0,
Lalonde Sample,0,18,10,0,1,0,1,0.0,1859.1670000000001,0.0
Lalonde Sample,0,27,12,1,0,1,0,752.3901,0.0,0.0
Lalonde Sample,0,26,12,1,0,1,0,0.0,6191.943,0.0
Lalonde Sample,0,24,9,1,0,0,1,9662.67,0.0,
Lalonde Sample,0,31,12,1,0,0,0,0.0,7284.394,0.0
Lalonde Sample,0,22,12,1,0,0,0,2158.05,0.0,
Lalonde Sample,0,28,14,1,0,0,0,6539.536999999999,3123.116,
Lalonde Sample,0,35,10,1,0,0,1,0.0,445.8309,0.0
Lalonde Sample,0,20,12,1,0,0,0,0.0,0.0,0.0
Lalonde Sample,0,30,9,0,0,0,1,3141.917,1320.9229999999998,
Lalonde Sample,0,25,11,1,0,0,1,0.0,0.0,0.0
Lalonde Sample,0,25,11,1,0,0,1,0.0,0.0,5281.245
Lalonde Sample,0,25,10,1,0,0,1,0.0,7367.04,0.0
Lalonde Sample,0,35,11,1,0,0,1,0.0,0.0,0.0
Lalonde Sample,0,22,8,1,0,0,1,6150.52,0.0,
Lalonde Sample,0,21,12,1,0,0,0,449.0479,0.0,
Lalonde Sample,0,20,10,1,0,0,1,0.0,2015.503,0.0
Lalonde Sample,0,21,8,1,0,0,1,2237.208,1764.108,
Lalonde Sample,0,25,9,0,1,0,1,0.0,15791.13,0.0
Lalonde Sample,0,24,10,0,1,0,1,3000.8379999999997,5350.0380000000005,
Lalonde Sample,0,33,11,1,0,0,1,2899.82,18859.89,10523.83
Lalonde Sample,0,21,9,1,0,0,1,12357.22,0.0,31886.43
Lalonde Sample,0,27,11,1,0,1,1,4491.884,0.0,0.0
Lalonde Sample,0,27,10,1,0,0,1,0.0,1135.47,0.0
Lalonde Sample,0,20,11,0,1,0,1,0.0,6378.72,0.0
Lalonde Sample,0,25,13,1,0,0,0,10240.36,10020.72,
Lalonde Sample,0,18,11,1,0,0,1,645.2723,5497.590999999999,1064.6989999999998
Lalonde Sample,0,26,11,1,0,0,1,0.0,7176.187,0.0
Lalonde Sample,0,38,8,1,0,0,1,0.0,0.0,0.0
Lalonde Sample,0,21,11,1,0,1,1,7652.12,8396.654,
Lalonde Sample,0,34,11,1,0,0,1,8912.484,5611.866,
Lalonde Sample,0,21,10,1,0,0,1,1162.362,39483.53,6661.063
Lalonde Sample,0,31,13,1,0,0,0,10393.61,7404.762,
Lalonde Sample,0,34,10,1,0,0,1,0.0,7952.54,0.0
Lalonde Sample,0,25,11,1,0,0,1,3649.7690000000002,0.0,
Lalonde Sample,0,24,9,1,0,0,1,1275.356,8644.427,
Lalonde Sample,0,19,12,1,0,0,0,0.0,0.0,0.0
Lalonde Sample,0,32,8,1,0,0,1,0.0,7152.132,0.0
Lalonde Sample,0,20,9,0,1,0,1,0.0,8329.823,0.0
Lalonde Sample,0,23,10,1,0,0,1,0.0,0.0,0.0
Lalonde Sample,0,23,10,1,0,0,1,0.0,0.0,0.0
Lalonde Sample,0,23,10,1,0,0,1,0.0,0.0,0.0
Lalonde Sample,0,23,10,1,0,0,1,0.0,0.0,0.0
Lalonde Sample,0,38,10,1,0,0,1,0.0,12429.91,0.0
Lalonde Sample,0,24,11,1,0,0,1,0.0,0.0,0.0
Lalonde Sample,0,19,10,0,1,0,1,1197.462,11223.72,
Lalonde Sample,0,23,11,1,0,0,1,0.0,5088.76,0.0
Lalonde Sample,0,20,7,0,1,0,1,0.0,4374.04,0.0
Lalonde Sample,0,25,10,1,0,1,1,9319.444,0.0,13519.97
Lalonde Sample,0,21,11,1,0,0,1,0.0,1553.2910000000002,0.0
Lalonde Sample,0,25,10,1,0,0,1,0.0,0.0,0.0
Lalonde Sample,0,22,11,1,0,1,1,0.0,1698.3039999999999,0.0
Lalonde Sample,0,29,9,0,1,0,1,16341.16,16900.3,9594.308
Lalonde Sample,0,21,11,1,0,0,1,1862.889,11630.66,
Lalonde Sample,0,21,7,1,0,0,1,0.0,11011.57,33799.95
Lalonde Sample,0,23,11,1,0,0,1,0.0,0.0,0.0
Lalonde Sample,0,23,11,1,0,0,1,0.0,0.0,0.0
Lalonde Sample,0,20,12,1,0,0,0,1371.473,20893.11,557.6988
Lalonde Sample,0,21,11,0,1,0,1,8920.471,20857.84,2992.534
Lalonde Sample,0,26,12,1,0,0,0,7322.036999999999,4677.049,
Lalonde Sample,0,24,12,0,0,0,0,0.0,11294.63,0.0
Lalonde Sample,0,43,10,1,0,0,1,4128.443,7565.273,2502.868
Lalonde Sample,0,31,11,1,0,0,1,1726.445,0.0,17711.88
Lalonde Sample,0,22,11,1,0,0,1,2707.3720000000003,100.6998,
Lalonde Sample,0,29,11,1,0,0,1,0.0,0.0,0.0
Lalonde Sample,0,24,11,1,0,0,1,0.0,14626.39,0.0
Lalonde Sample,0,22,9,1,0,0,1,0.0,12898.38,0.0
Lalonde Sample,0,19,11,1,0,0,1,8870.879,7396.2919999999995,
Lalonde Sample,0,28,11,1,0,0,1,0.0,5767.133000000001,0.0
Lalonde Sample,0,18,10,0,1,0,1,0.0,6527.919,0.0
Lalonde Sample,0,18,9,1,0,0,1,2138.094,5767.704000000001,
Lalonde Sample,0,26,10,1,0,0,1,0.0,3931.238,0.0
Lalonde Sample,0,25,10,1,0,0,1,0.0,20942.24,0.0
Lalonde Sample,0,26,12,1,0,0,0,8479.593,10820.55,
Lalonde Sample,0,23,11,1,0,0,1,29897.19,23483.45,
Lalonde Sample,0,20,8,0,1,0,1,1124.8010000000002,11731.2,
Lalonde Sample,0,24,10,1,0,0,1,0.0,0.0,0.0
Lalonde Sample,0,24,10,1,0,0,1,0.0,0.0,0.0
Lalonde Sample,0,27,13,1,0,0,0,8797.348,1653.481,
Lalonde Sample,0,26,5,1,0,0,1,0.0,0.0,0.0
Lalonde Sample,0,37,10,1,0,0,1,8606.743,0.0,
Lalonde Sample,0,36,10,1,0,0,1,0.0,14690.35,0.0
Lalonde Sample,0,22,11,1,0,0,1,0.0,0.0,0.0
Lalonde Sample,0,22,9,1,0,0,1,506.4076,604.1987,0.0
Lalonde Sample,0,25,12,1,0,0,0,0.0,3418.097,0.0
Lalonde Sample,0,22,10,1,0,0,1,1765.6760000000002,0.0,
Lalonde Sample,0,27,11,1,0,0,1,0.0,11197.34,0.0
Lalonde Sample,0,29,8,1,0,0,1,0.0,0.0,0.0
Lalonde Sample,0,18,9,1,0,0,1,2006.629,6546.01,
Lalonde Sample,0,24,12,1,0,0,0,0.0,0.0,0.0
Lalonde Sample,0,27,9,0,1,0,1,1596.7620000000002,6723.414000000001,
Lalonde Sample,0,19,9,1,0,0,1,902.4565,1914.414,
Lalonde Sample,0,22,10,1,0,0,1,0.0,0.0,0.0
Lalonde Sample,0,22,10,1,0,0,1,0.0,0.0,0.0
Lalonde Sample,0,29,12,1,0,0,0,1359.3470000000002,132.76,
Lalonde Sample,0,30,11,1,0,1,1,9311.938,3982.801,0.0
Lalonde Sample,0,22,7,1,0,0,1,13503.77,11607.09,
Lalonde Sample,0,24,7,1,0,0,1,0.0,1455.69,0.0
Lalonde Sample,0,29,14,1,0,0,0,3357.185,7226.049,
Lalonde Sample,0,29,12,1,0,0,0,0.0,1890.9370000000001,0.0
Lalonde Sample,0,22,11,1,0,0,1,1321.66,2639.29,7914.130999999999
Lalonde Sample,0,25,11,0,1,1,1,0.0,4485.616,0.0
Lalonde Sample,0,30,12,1,0,0,0,0.0,13613.35,0.0
Lalonde Sample,0,22,8,1,0,0,1,0.0,1390.509,0.0
Lalonde Sample,0,55,3,1,0,0,1,0.0,5843.795999999999,0.0
Lalonde Sample,0,35,10,1,0,0,1,9902.763,9453.827,
Lalonde Sample,0,20,10,1,0,0,1,0.0,8598.521999999999,0.0
Lalonde Sample,0,29,9,1,0,0,1,1203.8239999999998,9378.653,0.0
Lalonde Sample,0,20,11,1,0,0,1,3470.389,7896.706999999999,
Lalonde Sample,0,27,9,1,0,0,1,2129.016,0.0,
Lalonde Sample,0,28,10,1,0,1,1,6449.48,16988.18,8293.345
Lalonde Sample,0,20,11,1,0,0,1,2531.311,0.0,
Lalonde Sample,0,26,14,1,0,1,0,2025.566,0.0,
Lalonde Sample,0,19,8,0,1,0,1,1087.803,2987.1009999999997,
Lalonde Sample,0,34,11,1,0,0,1,0.0,2920.199,0.0
Lalonde Sample,0,22,12,1,0,0,0,0.0,0.0,0.0
Lalonde Sample,0,32,12,0,1,1,0,0.0,6735.32,0.0
Lalonde Sample,0,19,11,1,0,0,1,1868.021,0.0,
Lalonde Sample,0,31,10,1,0,0,1,0.0,0.0,0.0
Lalonde Sample,0,18,9,1,0,0,1,0.0,0.0,0.0
Lalonde Sample,0,18,9,1,0,0,1,0.0,0.0,0.0
Lalonde Sample,0,18,9,1,0,0,1,0.0,0.0,0.0
Lalonde Sample,0,28,10,1,0,0,1,4479.587,128.672,
Lalonde Sample,0,32,12,1,0,0,0,12419.18,10673.7,
Lalonde Sample,0,50,10,0,1,0,1,0.0,0.0,0.0
Lalonde Sample,0,20,12,1,0,0,0,591.8151,4159.919,0.0
Lalonde Sample,0,25,11,1,0,1,1,0.0,44.75546,0.0
Lalonde Sample,0,23,10,1,0,1,1,0.0,0.0,0.0
Lalonde Sample,0,21,14,1,0,0,0,5926.795,29408.04,
Lalonde Sample,0,38,10,1,0,0,1,0.0,0.0,0.0
Lalonde Sample,0,25,7,0,1,0,1,1177.118,9722.349,
Lalonde Sample,0,25,10,1,0,1,1,0.0,3701.812,0.0
Lalonde Sample,0,29,12,1,0,0,0,2080.209,16969.95,22859.44
Lalonde Sample,0,42,10,1,0,0,1,0.0,6930.335999999999,0.0
Lalonde Sample,0,39,12,1,0,1,0,0.0,3795.7990000000004,0.0
Lalonde Sample,0,27,11,1,0,1,1,20035.26,9074.764000000001,
Lalonde Sample,0,34,13,1,0,1,0,0.0,5193.247,0.0
Lalonde Sample,0,25,11,1,0,1,1,3266.406,479.2677,
Lalonde Sample,0,28,10,1,0,0,1,10068.4,0.0,
Lalonde Sample,0,24,7,1,0,0,1,0.0,2193.528,0.0
Lalonde Sample,0,32,11,1,0,0,1,0.0,11120.53,0.0
Lalonde Sample,0,27,13,1,0,0,0,0.0,7609.518,0.0
Lalonde Sample,0,20,12,1,0,0,0,4932.215,6086.965999999999,
Lalonde Sample,0,29,13,1,0,0,0,2265.5789999999997,2725.322,718.2492
Lalonde Sample,0,26,10,1,0,0,1,0.0,2169.027,0.0
Lalonde Sample,0,44,11,1,0,0,1,0.0,0.0,0.0
Lalonde Sample,0,24,9,1,0,0,1,4118.681,597.42,
Lalonde Sample,0,28,10,0,0,1,1,6346.193,6793.076999999999,
Lalonde Sample,0,24,11,1,0,0,1,1327.993,9495.902,0.0
Lalonde Sample,0,25,11,1,0,0,1,0.0,1264.232,0.0
Lalonde Sample,0,25,8,1,0,1,1,515.8274,14281.31,
Lalonde Sample,0,23,11,1,0,0,1,5716.406999999999,10274.84,7617.361999999999
Lalonde Sample,0,20,11,1,0,0,1,1650.461,278.8751,
Lalonde Sample,0,24,12,1,0,0,0,8100.533,11235.11,
Lalonde Sample,0,20,11,0,0,1,1,8159.507,6336.783,
Lalonde Sample,0,25,12,1,0,0,0,0.0,0.0,0.0
Lalonde Sample,0,28,11,1,0,0,1,863.4795,0.0,2431.949
Lalonde Sample,0,28,12,1,0,1,0,0.0,0.0,0.0
Lalonde Sample,0,21,12,0,0,0,0,5440.815,11544.01,
Lalonde Sample,0,24,11,0,0,0,1,1468.3829999999998,10361.69,2669.725
Lalonde Sample,0,32,10,1,0,0,1,0.0,0.0,0.0
Lalonde Sample,0,21,10,1,0,1,1,1785.18,6831.106,
Lalonde Sample,0,21,8,1,0,0,1,6608.304,3083.5809999999997,39570.68
Lalonde Sample,0,25,10,1,0,1,1,11696.37,11127.28,
Lalonde Sample,0,22,10,0,0,1,1,23031.98,5448.8009999999995,25720.92
Lalonde Sample,0,22,10,1,0,0,1,0.0,0.0,0.0
Lalonde Sample,0,22,10,1,0,0,1,0.0,0.0,0.0
Lalonde Sample,0,19,9,1,0,0,1,0.0,5712.643,0.0
Lalonde Sample,0,31,10,1,0,1,1,0.0,0.0,0.0
Lalonde Sample,0,23,11,1,0,0,1,0.0,0.0,0.0
Lalonde Sample,0,23,11,1,0,0,1,0.0,0.0,0.0
Lalonde Sample,0,22,11,1,0,0,1,875.2615,9139.652,
Lalonde Sample,0,33,11,1,0,0,1,0.0,0.0,0.0
Lalonde Sample,0,27,10,1,0,0,1,0.0,1184.882,0.0
Lalonde Sample,0,29,11,1,0,1,1,0.0,10225.88,0.0
Lalonde Sample,0,38,10,1,0,1,1,14701.95,4393.523,
Lalonde Sample,0,20,6,1,0,0,1,2850.61,0.0,6006.879
Lalonde Sample,0,23,10,1,0,0,1,0.0,0.0,0.0
Lalonde Sample,0,23,10,1,0,0,1,0.0,0.0,0.0
Lalonde Sample,0,23,10,1,0,0,1,0.0,0.0,0.0
Lalonde Sample,0,23,10,1,0,0,1,0.0,0.0,0.0
Lalonde Sample,0,29,11,1,0,0,1,3256.165,3290.2929999999997,
Lalonde Sample,0,26,9,1,0,0,1,6955.054,11856.88,
Lalonde Sample,0,25,9,1,0,1,1,0.0,4715.371,0.0
Lalonde Sample,0,24,11,1,0,0,1,13370.58,19533.88,
Lalonde Sample,0,25,10,1,0,0,1,0.0,289.7899,0.0
Lalonde Sample,0,23,11,0,0,0,1,19995.64,12896.22,
Lalonde Sample,0,25,13,1,0,0,0,3751.048,1672.776,
Lalonde Sample,0,20,9,1,0,0,1,9164.449,8924.395,
Lalonde Sample,0,25,11,1,0,0,1,3072.7259999999997,284.6584,15209.99
Lalonde Sample,0,29,12,0,0,0,0,12205.14,16328.96,
Lalonde Sample,0,25,9,1,0,1,1,16946.63,7343.964,24731.62
Lalonde Sample,0,23,11,1,0,0,1,580.7901,0.0,6382.309
Lalonde Sample,0,44,9,1,0,1,1,10857.24,12359.31,12260.78
Lalonde Sample,0,22,12,1,0,1,0,9352.199,8072.181,
Lalonde Sample,0,20,11,0,0,0,1,1159.131,0.0,
Lalonde Sample,0,36,11,1,0,0,1,7311.561,0.0,
Lalonde Sample,0,24,10,1,0,0,1,0.0,0.0,0.0
Lalonde Sample,0,24,10,1,0,0,1,0.0,0.0,0.0
Lalonde Sample,0,28,8,0,0,0,1,0.0,8190.420999999999,0.0
Lalonde Sample,0,39,11,1,0,0,1,83.68964,0.0,0.0
Lalonde Sample,0,27,12,0,1,0,0,24276.97,15762.88,
Lalonde Sample,0,31,10,1,0,0,1,520.4463,14527.88,0.0
Lalonde Sample,0,26,6,1,0,0,1,0.0,4813.05,0.0
Lalonde Sample,0,30,11,1,0,1,1,24105.39,7263.025,
Lalonde Sample,0,31,8,1,0,0,1,4577.68,6153.83,
Lalonde Sample,0,26,8,1,0,0,1,5562.598000000001,3523.578,1126.29
Lalonde Sample,0,26,10,1,0,1,1,9107.431,12659.58,
Lalonde Sample,0,24,12,1,0,0,0,159.8847,0.0,0.0
Lalonde Sample,0,25,11,1,0,0,1,2455.067,8764.148000000001,
Lalonde Sample,0,29,9,1,0,0,1,9160.693000000001,0.0,9268.943000000001
Lalonde Sample,0,30,14,1,0,1,0,0.0,7344.678000000001,0.0
Lalonde Sample,0,25,10,1,0,1,1,0.0,0.0,0.0
Lalonde Sample,0,25,10,1,0,1,1,0.0,0.0,0.0
Lalonde Sample,0,41,12,1,0,0,0,9818.466999999999,0.0,
Lalonde Sample,0,29,11,1,0,1,1,0.0,0.0,0.0
Lalonde Sample,0,25,12,1,0,1,0,0.0,0.0,0.0
Lalonde Sample,0,28,13,1,0,0,0,0.0,0.0,0.0
Lalonde Sample,0,23,11,1,0,0,1,0.0,4350.907,0.0
Lalonde Sample,0,54,11,1,0,0,1,0.0,7812.522,0.0
Lalonde Sample,0,33,5,0,1,0,1,0.0,0.0,0.0
Lalonde Sample,0,31,12,0,0,0,0,494.64300000000003,0.0,0.0
Lalonde Sample,0,34,12,1,0,0,0,4087.2140000000004,5670.82,
Lalonde Sample,0,50,8,1,0,1,1,5630.05,8997.193000000001,
Lalonde Sample,0,31,11,1,0,0,1,7505.213000000001,308.3352,
Lalonde Sample,0,36,12,0,1,0,0,11491.95,4978.501,
Lalonde Sample,0,20,8,1,0,0,1,0.0,3644.655,0.0
Lalonde Sample,0,24,12,0,0,1,0,24294.75,665.7374,
Lalonde Sample,0,23,12,0,1,0,0,8960.684000000001,7078.178000000001,5721.696
Lalonde Sample,0,26,13,0,0,0,0,5395.119000000001,9766.2,
Lalonde Sample,0,28,11,0,0,0,1,3200.9120000000003,7645.055,
Lalonde Sample,0,45,9,1,0,0,1,0.0,4844.803,0.0
Lalonde Sample,0,23,10,1,0,1,1,9854.153,0.0,
Lalonde Sample,0,28,11,1,0,0,1,13371.25,0.0,17491.45
Lalonde Sample,0,26,11,1,0,1,1,4184.732,0.0,0.0
Lalonde Sample,0,22,10,1,0,0,1,2174.955,5344.021,0.0
Lalonde Sample,0,27,13,0,0,0,0,474.5018,4812.576,5214.306
Lalonde Sample,0,27,12,0,1,0,0,2677.7709999999997,17395.17,
Lalonde Sample,0,39,6,1,0,0,1,0.0,0.0,0.0
Lalonde Sample,0,25,11,1,0,0,1,0.0,0.0,0.0
Lalonde Sample,0,25,11,1,0,0,1,0.0,0.0,5281.245
Lalonde Sample,0,31,11,1,0,0,1,18291.41,0.0,
Lalonde Sample,0,22,12,1,0,0,0,2003.68,439.6881,4380.017
Lalonde Sample,0,22,10,1,0,0,1,13732.98,10770.96,
Lalonde Sample,0,28,10,1,0,0,1,367.8234,4858.895,1471.293
Lalonde Sample,0,31,11,1,0,0,1,6382.5869999999995,0.0,
Lalonde Sample,0,27,10,1,0,1,1,11280.71,0.0,
Lalonde Sample,0,28,11,1,0,1,1,5393.895,4974.585999999999,8593.163
Lalonde Sample,0,26,12,1,0,0,0,0.0,0.0,0.0
Lalonde Sample,0,27,12,1,0,0,0,32984.25,10833.34,
Lalonde Sample,0,27,12,0,0,0,0,5035.444,0.0,
Lalonde Sample,0,36,12,1,0,0,0,142.3973,0.0,0.0
Lalonde Sample,0,26,8,1,0,1,1,4084.258,0.0,
Lalonde Sample,0,23,9,1,0,1,1,19289.85,7600.104,
Lalonde Sample,0,23,10,1,0,0,1,0.0,0.0,0.0
Lalonde Sample,0,23,10,1,0,0,1,0.0,0.0,0.0
Lalonde Sample,0,23,10,1,0,0,1,0.0,0.0,0.0
Lalonde Sample,0,23,10,1,0,0,1,0.0,0.0,0.0
Lalonde Sample,0,31,12,1,0,0,0,5613.909000000001,0.0,0.0
Lalonde Sample,0,36,7,1,0,0,1,1606.662,20780.65,
Lalonde Sample,0,39,12,1,0,1,0,6608.137,499.2572,19785.32
Lalonde Sample,0,35,11,1,0,1,1,8720.905,0.0,
Lalonde Sample,0,21,9,0,0,0,1,1577.1670000000001,1740.1989999999998,2988.4120000000003
Lalonde Sample,0,36,11,0,1,0,1,3063.8779999999997,1324.5420000000001,5443.734
Lalonde Sample,0,27,12,0,0,0,0,0.0,14792.9,0.0
Lalonde Sample,0,26,11,1,0,0,1,1174.991,6672.021,4699.963
Lalonde Sample,0,28,9,1,0,1,1,9210.447,1239.844,10222.41
Lalonde Sample,0,33,9,0,1,1,1,0.0,0.0,0.0
Lalonde Sample,0,28,11,1,0,1,1,10033.91,0.0,824.3889
Lalonde Sample,0,22,11,1,0,0,1,6974.484,3708.719,8810.067
Lalonde Sample,0,25,11,1,0,0,1,4284.429,4116.702,
Lalonde Sample,0,25,10,1,0,1,1,0.0,0.0,0.0
Lalonde Sample,0,25,10,1,0,1,1,0.0,0.0,0.0
Lalonde Sample,0,27,11,1,0,0,1,766.2986,0.0,3065.1940000000004
Lalonde Sample,0,26,8,0,0,1,1,36941.27,30247.5,
Lalonde Sample,0,28,12,1,0,1,0,5551.456,12780.02,10585.13
Lalonde Sample,0,25,10,0,0,0,1,8140.401999999999,3412.955,
Lalonde Sample,0,22,10,0,0,0,1,10598.67,7094.92,27864.36
Lalonde Sample,0,23,8,1,0,0,1,0.0,3746.7009999999996,0.0
Lalonde Sample,0,20,12,0,0,0,0,3104.815,12573.97,
Lalonde Sample,0,19,11,1,0,0,1,3285.68,11195.93,3504.014
Lalonde Sample,0,17,9,0,1,0,1,671.2271,4209.579000000001,
Lalonde Sample,0,19,11,1,0,0,1,5160.259,0.0,
Lalonde Sample,0,18,11,1,0,0,1,4152.609,4164.767,
Lalonde Sample,0,17,10,0,1,0,1,1239.628,5088.986,1203.609
Lalonde Sample,0,20,11,1,0,0,1,3248.937,6027.639,
Lalonde Sample,0,18,8,1,0,0,1,0.0,1568.15,0.0
Lalonde Sample,0,20,10,1,0,0,1,3677.5879999999997,557.7499,
Lalonde Sample,0,18,11,1,0,0,1,2041.3629999999998,796.559,
Lalonde Sample,0,19,10,0,1,0,1,2275.368,4335.159000000001,
Lalonde Sample,0,17,8,1,0,0,1,0.0,7010.444,0.0
Lalonde Sample,0,17,10,0,1,0,1,1734.559,6354.194,1442.681
Lalonde Sample,0,18,10,1,0,0,1,2682.125,0.0,1716.509
Lalonde Sample,0,18,10,1,0,0,1,240.1067,2891.6679999999997,960.4268
Lalonde Sample,0,19,11,0,1,1,1,308.2192,0.0,
Lalonde Sample,0,18,11,1,0,0,1,8784.237,1824.3770000000002,
Lalonde Sample,0,19,11,1,0,0,1,1615.901,8823.059000000001,
Lalonde Sample,0,19,10,1,0,0,1,963.9971,7047.08,
Lalonde Sample,0,19,9,0,1,0,1,0.0,3811.683,0.0
Lalonde Sample,0,18,10,1,0,0,1,1642.365,0.0,
Lalonde Sample,0,18,10,1,0,0,1,0.0,9602.439,1563.249
Lalonde Sample,0,17,11,1,0,0,1,3796.0290000000005,0.0,4080.73
Lalonde Sample,0,18,6,0,1,0,1,6142.681,3825.308,
Lalonde Sample,0,19,11,1,0,0,1,2445.589,9772.283000000001,721.3406
Lalonde Sample,0,18,8,0,1,0,1,0.0,10798.56,0.0
Lalonde Sample,0,18,11,1,0,0,1,0.0,4657.273,0.0
Lalonde Sample,0,17,11,1,0,0,1,0.0,8551.533000000001,0.0
Lalonde Sample,0,19,10,1,0,0,1,0.0,4309.878,0.0
Lalonde Sample,0,19,10,1,0,0,1,0.0,5286.396,0.0
Lalonde Sample,0,18,9,1,0,0,1,0.0,12486.17,0.0
Lalonde Sample,0,18,10,1,0,0,1,2285.03,3268.938,
Lalonde Sample,0,18,11,1,0,0,1,2292.1710000000003,4994.227,
Lalonde Sample,0,18,10,1,0,0,1,273.5525,5514.365,0.0
Lalonde Sample,0,18,9,0,1,0,1,2684.91,2978.6690000000003,
Lalonde Sample,0,18,9,1,0,0,1,0.0,10877.35,0.0
Lalonde Sample,0,18,12,1,0,0,0,1405.5120000000002,0.0,0.0
Lalonde Sample,0,18,9,0,1,0,1,1646.51,1065.672,
Lalonde Sample,0,19,11,1,0,0,1,393.8598,2481.518,
Lalonde Sample,0,18,7,0,1,1,1,2672.202,6330.888000000001,
Lalonde Sample,0,19,11,0,0,0,1,823.2544,2649.599,
Lalonde Sample,0,18,8,0,1,0,1,2483.8520000000003,11135.53,
Lalonde Sample,0,17,8,1,0,0,1,1178.219,14380.17,
Lalonde Sample,0,18,10,1,0,0,1,0.0,202.2847,0.0
Lalonde Sample,0,17,10,1,0,0,1,1726.4389999999999,11061.62,
Lalonde Sample,0,17,10,1,0,0,1,664.569,0.0,0.0
Lalonde Sample,0,20,10,1,0,0,1,690.192,10864.88,
Lalonde Sample,0,18,10,1,0,0,1,1428.144,11602.94,
Lalonde Sample,0,19,11,1,0,0,1,705.1964,0.0,
Lalonde Sample,0,17,10,1,0,0,1,0.0,2657.705,0.0
Lalonde Sample,0,18,7,1,0,0,1,0.0,4132.577,0.0
Lalonde Sample,0,18,11,1,0,0,1,0.0,11303.14,0.0
Lalonde Sample,0,20,9,1,0,0,1,2483.8520000000003,0.0,
Lalonde Sample,0,19,10,0,1,0,1,0.0,0.0,0.0
Lalonde Sample,0,18,9,1,0,0,1,0.0,0.0,0.0
Lalonde Sample,0,18,9,1,0,0,1,0.0,0.0,0.0
Lalonde Sample,0,18,9,1,0,0,1,0.0,0.0,0.0
Lalonde Sample,0,17,10,1,0,0,1,0.0,0.0,0.0
Lalonde Sample,0,17,11,1,0,0,1,1156.797,6365.031,
Lalonde Sample,0,17,10,1,0,0,1,0.0,2189.426,0.0
Lalonde Sample,0,18,9,1,0,0,1,490.4656,3480.847,
Lalonde Sample,0,19,11,1,0,0,1,0.0,0.0,0.0
Lalonde Sample,0,19,11,1,0,0,1,0.0,0.0,0.0
Lalonde Sample,0,19,11,1,0,0,1,0.0,0.0,0.0
Lalonde Sample,0,19,11,1,0,0,1,0.0,0.0,1626.6229999999998
Lalonde Sample,0,17,8,0,0,0,1,0.0,10210.99,0.0
Lalonde Sample,0,18,10,1,0,0,1,0.0,11048.08,0.0
Lalonde Sample,0,18,9,1,0,0,1,0.0,0.0,0.0
Lalonde Sample,0,18,9,1,0,0,1,0.0,0.0,0.0
Lalonde Sample,0,18,9,1,0,0,1,0.0,0.0,0.0
Lalonde Sample,0,17,9,1,0,0,1,2595.2670000000003,0.0,0.0
Lalonde Sample,0,17,8,1,0,0,1,0.0,8993.865,0.0
Lalonde Sample,0,17,8,1,0,0,1,2036.79,0.0,
Lalonde Sample,0,19,9,0,1,0,1,2750.841,15581.44,
Lalonde Sample,0,17,9,1,0,0,1,620.9627,18085.73,
Lalonde Sample,0,19,10,1,0,0,1,1428.144,4687.937,
Lalonde Sample,0,19,6,0,1,0,1,0.0,5071.8009999999995,0.0
Lalonde Sample,0,20,11,1,0,0,1,1633.2020000000002,1310.727,
Lalonde Sample,0,19,10,0,0,0,1,0.0,3194.01,0.0
Lalonde Sample,0,17,11,0,0,0,1,0.0,0.0,0.0
Lalonde Sample,0,18,9,0,0,0,1,559.596,7300.4980000000005,0.0
Lalonde Sample,0,20,11,1,0,0,1,7666.875,7659.218000000001,8009.164000000001
Lalonde Sample,0,20,10,1,0,0,1,2856.2870000000003,18347.26,
Lalonde Sample,0,20,9,1,0,0,1,0.0,5193.089,0.0
Lalonde Sample,0,19,9,1,0,0,1,2642.067,2652.625,
Lalonde Sample,0,18,10,1,0,0,1,2456.994,13674.75,
Lalonde Sample,0,19,11,1,0,0,1,4503.064,0.0,6337.491999999999
Lalonde Sample,0,17,9,1,0,0,1,0.0,0.0,0.0
Lalonde Sample,0,18,9,1,0,0,1,1413.8629999999998,3475.52,
Lalonde Sample,0,17,11,1,0,0,1,165.2077,4251.127,989.2678
Lalonde Sample,0,17,10,1,0,0,1,0.0,275.5661,0.0
Lalonde Sample,0,19,10,1,0,0,1,604.1539,0.0,0.0
Lalonde Sample,0,17,10,0,1,0,1,1168.902,11306.27,4905.119000000001
Lalonde Sample,0,20,9,1,0,0,1,9691.033000000001,8562.603000000001,
Lalonde Sample,0,17,9,1,0,0,1,0.0,3590.702,0.0
Lalonde Sample,0,19,11,1,0,0,1,0.0,0.0,0.0
Lalonde Sample,0,19,11,1,0,0,1,0.0,0.0,0.0
Lalonde Sample,0,19,11,1,0,0,1,0.0,0.0,0.0
Lalonde Sample,0,19,11,1,0,0,1,0.0,0.0,1626.6229999999998
Lalonde Sample,0,17,10,0,0,0,1,2465.613,4211.662,
Lalonde Sample,0,19,10,1,0,1,1,0.0,12797.67,0.0
Lalonde Sample,0,20,9,1,0,0,1,0.0,2035.914,0.0
Lalonde Sample,0,18,11,1,0,0,1,1170.327,604.2287,
Lalonde Sample,0,18,10,0,1,1,1,1922.625,4768.354,
Lalonde Sample,0,18,9,1,0,0,1,0.0,2389.679,0.0
Lalonde Sample,0,18,11,1,0,0,1,0.0,0.0,0.0
Lalonde Sample,0,20,10,1,0,0,1,2749.9770000000003,6867.741,
Lalonde Sample,0,17,10,0,1,0,1,0.0,8469.275,0.0
Lalonde Sample,0,19,11,1,0,0,1,0.0,0.0,0.0
Lalonde Sample,0,19,11,1,0,0,1,0.0,0.0,0.0
Lalonde Sample,0,19,11,1,0,0,1,0.0,0.0,0.0
Lalonde Sample,0,19,11,1,0,0,1,0.0,0.0,1626.6229999999998
Lalonde Sample,0,19,9,1,0,0,1,1537.9289999999999,4188.736,
Lalonde Sample,0,17,10,1,0,0,1,0.0,1143.387,0.0
Lalonde Sample,0,20,11,1,0,0,1,8012.085,18155.83,
Lalonde Sample,0,17,8,1,0,0,1,768.8102,3020.948,
Lalonde Sample,0,18,8,0,0,0,1,1345.9089999999999,1725.592,
Lalonde Sample,0,20,10,1,0,0,1,825.2301,0.0,
Lalonde Sample,0,17,9,0,1,0,1,0.0,5114.814,0.0
Lalonde Sample,0,17,9,1,0,0,1,1206.441,0.0,
Lalonde Sample,0,19,11,1,0,0,1,0.0,0.0,0.0
Lalonde Sample,0,19,11,1,0,0,1,0.0,0.0,0.0
Lalonde Sample,0,19,11,1,0,0,1,0.0,0.0,0.0
Lalonde Sample,0,19,11,1,0,0,1,0.0,0.0,1626.6229999999998
Lalonde Sample,0,18,10,1,0,0,1,0.0,781.2243,0.0
